{"cameraMode":{"drawMode":0,"name":"Shaded","section":"Shading Mode"},"sceneLighting":true,"audioPlay":false,"sceneViewState":{"m_AlwaysRefresh":false,"showFog":true,"showSkybox":true,"showFlares":true,"showImageEffects":true,"showParticleSystems":true,"showVisualEffectGraphs":true,"m_FxEnabled":true},"in2DMode":false,"pivot":{"x":11.357011795043946,"y":-4.462263107299805,"z":22.526830673217775},"rotation":{"x":0.13481320440769196,"y":0.3391609787940979,"z":-0.049179866909980777,"w":0.929724395275116},"size":16.58905029296875,"orthographic":false}